{
  "autoGG": true,
  "delayTime": 350,
  "strings": "Good Game;Good Fight;gg;gf",
  "stringsNumber": -1,
  "finalMsg": "",
  "autoGGRegexPatterns": [
    "^ +1st Killer - ?\\[?\\w*\\+*\\]? \\w+ - \\d+(?: Kills?)?$",
    "^ *1st (?:Place ?)?(?:-|:)? ?\\[?\\w*\\+*\\]? \\w+(?: : \\d+| - \\d+(?: Points?)?| - \\d+(?: x .)?| \\(\\w+ .{1,6}\\) - \\d+ Kills?|: \\d+:\\d+| - \\d+ (?:Zombie )?(?:Kills?|Blocks? Destroyed)| - \\[LINK\\])?$",
    "^ +Winn(?:er #1 \\(\\d+ Kills\\): \\w+ \\(\\w+\\)|er(?::| - )(?:Hiders|Seekers|Defenders|Attackers|PLAYERS?|MURDERERS?|Red|Blue|RED|BLU|\\w+)(?: Team)?|ers?: ?\\[?\\w*\\+*\\]? \\w+(?:, ?\\[?\\w*\\+*\\]? \\w+)?|ing Team ?[\\:-] (?:Animals|Hunters|Red|Green|Blue|Yellow|RED|BLU|Survivors|Vampires))$",
    "^ +Alpha Infected: \\w+ \\(\\d+ infections?\\)$",
    "^ +Murderer: \\w+ \\(\\d+ Kills?\\)$",
    "^ +You survived \\d+ rounds!$",
    "^ +(?:UHC|SkyWars|The Bridge|Sumo|Classic|OP|MegaWalls|Bow|NoDebuff|Blitz|Combo|Bow Spleef) (?:Duel|Doubles|Teams|Deathmatch|2v2v2v2|3v3v3v3)? ?- \\d+:\\d+$",
    "^ +They captured all wools!$",
    "^ +Game over!$",
    "^ +[\\d\\.]+k?/[\\d\\.]+k? \\w+$",
    "^ +(?:Criminal|Cop)s won the game!$",
    "^ +\\[?\\w*\\+*\\]? \\w+ - \\d+ Final Kills$",
    "^ +Zombies - \\d*:?\\d+:\\d+ \\(Round \\d+\\)$",
    "^ +. YOUR STATISTICS .$"
  ]
}